{"cameraMode":{"drawMode":0,"name":"Shaded","section":"Shading Mode"},"sceneLighting":true,"audioPlay":false,"sceneViewState":{"showFog":true,"showMaterialUpdate":false,"showSkybox":true,"showFlares":true,"showImageEffects":true,"showParticleSystems":true},"in2DMode":false,"pivot":{"x":609.3211669921875,"y":1058.5562744140625,"z":-58.3177490234375},"rotation":{"x":0.08710043132305145,"y":-0.047489993274211887,"z":0.004156984854489565,"w":0.9950582385063171},"size":1889.681640625,"orthographic":false}